<?xml version="1.0" encoding="UTF-8"?>
<document type="com.apple.InterfaceBuilder3.CocoaTouch.Storyboard.XIB" version="3.0" toolsVersion="14109" targetRuntime="iOS.CocoaTouch" propertyAccessControl="none" useAutolayout="YES" useTraitCollections="YES" useSafeAreas="YES" colorMatched="YES" initialViewController="BYZ-38-t0r">
    <device id="retina4_7" orientation="portrait">
        <adaptation id="fullscreen"/>
    </device>
    <dependencies>
        <deployment identifier="iOS"/>
        <plugIn identifier="com.apple.InterfaceBuilder.IBCocoaTouchPlugin" version="14088"/>
        <capability name="Safe area layout guides" minToolsVersion="9.0"/>
        <capability name="documents saved in the Xcode 8 format" minToolsVersion="8.0"/>
    </dependencies>
    <scenes>
        <!--View Controller-->
        <scene sceneID="tne-QT-ifu">
            <objects>
                <viewController id="BYZ-38-t0r" customClass="ViewController" customModule="WhichProgrammingLang" customModuleProvider="target" sceneMemberID="viewController">
                    <view key="view" contentMode="scaleToFill" id="8bC-Xf-vdC">
                        <rect key="frame" x="0.0" y="0.0" width="375" height="667"/>
                        <autoresizingMask key="autoresizingMask" widthSizable="YES" heightSizable="YES"/>
                        <subviews>
                            <label opaque="NO" userInteractionEnabled="NO" contentMode="left" horizontalHuggingPriority="251" verticalHuggingPriority="251" textAlignment="center" lineBreakMode="tailTruncation" numberOfLines="2" baselineAdjustment="alignBaselines" adjustsFontSizeToFit="NO" translatesAutoresizingMaskIntoConstraints="NO" id="wkz-cu-zGz">
                                <rect key="frame" x="9.5" y="40" width="356.5" height="50"/>
                                <string key="text">Which Programming Language 
Are You?</string>
                                <fontDescription key="fontDescription" name="CourierNewPS-BoldMT" family="Courier New" pointSize="22"/>
                                <color key="textColor" red="0.14743526500120774" green="1" blue="0.2560705283818564" alpha="1" colorSpace="custom" customColorSpace="sRGB"/>
                                <nil key="highlightedColor"/>
                            </label>
                            <label opaque="NO" userInteractionEnabled="NO" contentMode="left" horizontalHuggingPriority="251" verticalHuggingPriority="251" text="Question text goes here..." textAlignment="center" lineBreakMode="wordWrap" numberOfLines="3" baselineAdjustment="alignBaselines" adjustsFontSizeToFit="NO" translatesAutoresizingMaskIntoConstraints="NO" id="Tt2-eD-TcE">
                                <rect key="frame" x="62.5" y="110" width="250" height="66"/>
                                <constraints>
                                    <constraint firstAttribute="height" constant="66" id="JYE-XQ-yux"/>
                                    <constraint firstAttribute="width" constant="250" id="oPV-Zm-GUX"/>
                                </constraints>
                                <fontDescription key="fontDescription" name="CourierNewPS-BoldMT" family="Courier New" pointSize="19"/>
                                <color key="textColor" red="0.14743526500000001" green="1" blue="0.2560705284" alpha="1" colorSpace="custom" customColorSpace="sRGB"/>
                                <nil key="highlightedColor"/>
                            </label>
                            <button opaque="NO" contentMode="scaleToFill" contentHorizontalAlignment="center" contentVerticalAlignment="center" buttonType="roundedRect" lineBreakMode="wordWrap" translatesAutoresizingMaskIntoConstraints="NO" id="CTb-ZG-lhj">
                                <rect key="frame" x="121" y="196" width="133" height="75"/>
                                <constraints>
                                    <constraint firstAttribute="height" constant="75" id="7G6-QL-nBi"/>
                                </constraints>
                                <fontDescription key="fontDescription" name="CourierNewPS-BoldMT" family="Courier New" pointSize="22"/>
                                <state key="normal" title="&gt; Option 1">
                                    <color key="titleColor" red="0.14743526500000001" green="1" blue="0.2560705284" alpha="1" colorSpace="custom" customColorSpace="sRGB"/>
                                </state>
                                <connections>
                                    <action selector="submitAnswer0:" destination="BYZ-38-t0r" eventType="touchUpInside" id="o4O-dU-fAL"/>
                                </connections>
                            </button>
                            <button opaque="NO" contentMode="scaleToFill" contentHorizontalAlignment="center" contentVerticalAlignment="center" buttonType="roundedRect" lineBreakMode="wordWrap" translatesAutoresizingMaskIntoConstraints="NO" id="4gY-OR-Ikr">
                                <rect key="frame" x="120.5" y="291" width="133" height="75"/>
                                <constraints>
                                    <constraint firstAttribute="height" constant="75" id="5cf-KH-tzg"/>
                                </constraints>
                                <fontDescription key="fontDescription" name="CourierNewPS-BoldMT" family="Courier New" pointSize="22"/>
                                <state key="normal" title="&gt; Option 2">
                                    <color key="titleColor" red="0.14743526500000001" green="1" blue="0.2560705284" alpha="1" colorSpace="custom" customColorSpace="sRGB"/>
                                </state>
                                <connections>
                                    <action selector="submitAnswer1:" destination="BYZ-38-t0r" eventType="touchUpInside" id="OwV-Vp-BE3"/>
                                </connections>
                            </button>
                            <button opaque="NO" contentMode="scaleToFill" contentHorizontalAlignment="center" contentVerticalAlignment="center" buttonType="roundedRect" lineBreakMode="wordWrap" translatesAutoresizingMaskIntoConstraints="NO" id="egu-Vn-M6s">
                                <rect key="frame" x="121" y="386" width="133" height="75"/>
                                <constraints>
                                    <constraint firstAttribute="height" constant="75" id="yhP-H7-6w1"/>
                                </constraints>
                                <fontDescription key="fontDescription" name="CourierNewPS-BoldMT" family="Courier New" pointSize="22"/>
                                <state key="normal" title="&gt; Option 3">
                                    <color key="titleColor" red="0.14743526500000001" green="1" blue="0.2560705284" alpha="1" colorSpace="custom" customColorSpace="sRGB"/>
                                </state>
                                <connections>
                                    <action selector="submitAnswer2:" destination="BYZ-38-t0r" eventType="touchUpInside" id="Jix-xR-Viq"/>
                                </connections>
                            </button>
                            <button opaque="NO" contentMode="scaleToFill" contentHorizontalAlignment="center" contentVerticalAlignment="center" buttonType="roundedRect" lineBreakMode="wordWrap" translatesAutoresizingMaskIntoConstraints="NO" id="pQ6-7Z-KfR">
                                <rect key="frame" x="121" y="481" width="133" height="75"/>
                                <constraints>
                                    <constraint firstAttribute="height" constant="75" id="f5l-tv-ecI"/>
                                </constraints>
                                <fontDescription key="fontDescription" name="CourierNewPS-BoldMT" family="Courier New" pointSize="22"/>
                                <state key="normal" title="&gt; Option 4">
                                    <color key="titleColor" red="0.14743526500000001" green="1" blue="0.2560705284" alpha="1" colorSpace="custom" customColorSpace="sRGB"/>
                                </state>
                                <connections>
                                    <action selector="submitAnswer3:" destination="BYZ-38-t0r" eventType="touchUpInside" id="EoL-rE-28b"/>
                                </connections>
                            </button>
                            <label opaque="NO" userInteractionEnabled="NO" contentMode="left" horizontalHuggingPriority="251" verticalHuggingPriority="251" text="Progress" textAlignment="natural" lineBreakMode="tailTruncation" baselineAdjustment="alignBaselines" adjustsFontSizeToFit="NO" translatesAutoresizingMaskIntoConstraints="NO" id="n6j-mh-8Yr">
                                <rect key="frame" x="140" y="576" width="96.5" height="23"/>
                                <fontDescription key="fontDescription" name="CourierNewPS-BoldMT" family="Courier New" pointSize="20"/>
                                <color key="textColor" red="0.14743526500000001" green="1" blue="0.2560705284" alpha="1" colorSpace="custom" customColorSpace="sRGB"/>
                                <nil key="highlightedColor"/>
                            </label>
                        </subviews>
                        <color key="backgroundColor" white="0.0" alpha="1" colorSpace="calibratedWhite"/>
                        <constraints>
                            <constraint firstItem="4gY-OR-Ikr" firstAttribute="centerX" secondItem="8bC-Xf-vdC" secondAttribute="centerX" id="5XP-Am-HOi"/>
                            <constraint firstItem="Tt2-eD-TcE" firstAttribute="top" secondItem="wkz-cu-zGz" secondAttribute="bottom" constant="20" id="9Nt-pt-wxE"/>
                            <constraint firstItem="pQ6-7Z-KfR" firstAttribute="top" secondItem="egu-Vn-M6s" secondAttribute="bottom" constant="20" id="9hS-jl-CA8"/>
                            <constraint firstItem="egu-Vn-M6s" firstAttribute="top" secondItem="4gY-OR-Ikr" secondAttribute="bottom" constant="20" id="GBT-E6-rpO"/>
                            <constraint firstItem="wkz-cu-zGz" firstAttribute="centerX" secondItem="8bC-Xf-vdC" secondAttribute="centerX" id="KgU-F8-t6h"/>
                            <constraint firstItem="CTb-ZG-lhj" firstAttribute="top" secondItem="Tt2-eD-TcE" secondAttribute="bottom" constant="20" id="RYI-yg-Qdm"/>
                            <constraint firstItem="egu-Vn-M6s" firstAttribute="centerX" secondItem="8bC-Xf-vdC" secondAttribute="centerX" id="VWa-xN-sT0"/>
                            <constraint firstItem="4gY-OR-Ikr" firstAttribute="top" secondItem="CTb-ZG-lhj" secondAttribute="bottom" constant="20" id="ZJI-2i-5lD"/>
                            <constraint firstItem="4gY-OR-Ikr" firstAttribute="top" secondItem="CTb-ZG-lhj" secondAttribute="bottom" constant="20" id="ZTk-i8-HAc"/>
                            <constraint firstItem="Tt2-eD-TcE" firstAttribute="top" secondItem="wkz-cu-zGz" secondAttribute="bottom" constant="20" id="gUU-ZL-k6q"/>
                            <constraint firstItem="CTb-ZG-lhj" firstAttribute="top" secondItem="Tt2-eD-TcE" secondAttribute="bottom" constant="20" id="jM1-IE-5YX"/>
                            <constraint firstItem="pQ6-7Z-KfR" firstAttribute="centerX" secondItem="8bC-Xf-vdC" secondAttribute="centerX" id="kFu-I0-w8K"/>
                            <constraint firstItem="n6j-mh-8Yr" firstAttribute="top" secondItem="pQ6-7Z-KfR" secondAttribute="bottom" constant="20" id="klO-Xn-0B0"/>
                            <constraint firstItem="n6j-mh-8Yr" firstAttribute="centerX" secondItem="8bC-Xf-vdC" secondAttribute="centerX" id="lbx-Wv-TBq"/>
                            <constraint firstItem="n6j-mh-8Yr" firstAttribute="top" secondItem="pQ6-7Z-KfR" secondAttribute="bottom" constant="20" id="nsU-2N-Old"/>
                            <constraint firstItem="pQ6-7Z-KfR" firstAttribute="top" secondItem="egu-Vn-M6s" secondAttribute="bottom" constant="20" id="thV-IZ-U6d"/>
                            <constraint firstItem="Tt2-eD-TcE" firstAttribute="centerX" secondItem="8bC-Xf-vdC" secondAttribute="centerX" id="uSw-67-pnZ"/>
                            <constraint firstItem="CTb-ZG-lhj" firstAttribute="centerX" secondItem="8bC-Xf-vdC" secondAttribute="centerX" id="vpe-3Z-UqH"/>
                            <constraint firstItem="wkz-cu-zGz" firstAttribute="top" secondItem="6Tk-OE-BBY" secondAttribute="top" constant="20" id="wOM-7g-wAl"/>
                            <constraint firstItem="egu-Vn-M6s" firstAttribute="top" secondItem="4gY-OR-Ikr" secondAttribute="bottom" constant="20" id="wcn-gg-gXj"/>
                        </constraints>
                        <viewLayoutGuide key="safeArea" id="6Tk-OE-BBY"/>
                    </view>
                    <connections>
                        <outlet property="answer0" destination="CTb-ZG-lhj" id="eBQ-IJ-gU7"/>
                        <outlet property="answer1" destination="4gY-OR-Ikr" id="Gbn-UA-Xsc"/>
                        <outlet property="answer2" destination="egu-Vn-M6s" id="kac-Tm-cuA"/>
                        <outlet property="answer3" destination="pQ6-7Z-KfR" id="Hvc-dU-EKU"/>
                        <outlet property="progressLabel" destination="n6j-mh-8Yr" id="bxa-6e-XIh"/>
                        <outlet property="questionLabel" destination="Tt2-eD-TcE" id="jWn-eE-Rfw"/>
                        <segue destination="2wb-jb-phj" kind="show" identifier="sgShowResults" id="ox8-BF-ecf"/>
                    </connections>
                </viewController>
                <placeholder placeholderIdentifier="IBFirstResponder" id="dkx-z0-nzr" sceneMemberID="firstResponder"/>
            </objects>
            <point key="canvasLocation" x="136.80000000000001" y="130.88455772113943"/>
        </scene>
        <!--Results View Controller-->
        <scene sceneID="zT2-eD-4L3">
            <objects>
                <viewController id="2wb-jb-phj" customClass="ResultsViewController" customModule="WhichProgrammingLang" customModuleProvider="target" sceneMemberID="viewController">
                    <view key="view" contentMode="scaleToFill" id="kLA-jH-Axk">
                        <rect key="frame" x="0.0" y="0.0" width="375" height="667"/>
                        <autoresizingMask key="autoresizingMask" widthSizable="YES" heightSizable="YES"/>
                        <subviews>
                            <label opaque="NO" userInteractionEnabled="NO" contentMode="left" horizontalHuggingPriority="251" verticalHuggingPriority="251" text="You are..." textAlignment="natural" lineBreakMode="tailTruncation" baselineAdjustment="alignBaselines" adjustsFontSizeToFit="NO" translatesAutoresizingMaskIntoConstraints="NO" id="u0N-PQ-iJk">
                                <rect key="frame" x="97" y="95" width="181" height="34"/>
                                <fontDescription key="fontDescription" name="CourierNewPS-BoldMT" family="Courier New" pointSize="30"/>
                                <color key="textColor" red="0.14743526500000001" green="1" blue="0.2560705284" alpha="1" colorSpace="custom" customColorSpace="sRGB"/>
                                <nil key="highlightedColor"/>
                            </label>
                            <label opaque="NO" userInteractionEnabled="NO" contentMode="left" horizontalHuggingPriority="251" verticalHuggingPriority="251" text="Language" textAlignment="natural" lineBreakMode="tailTruncation" baselineAdjustment="alignBaselines" adjustsFontSizeToFit="NO" translatesAutoresizingMaskIntoConstraints="NO" id="Cex-y6-nUd">
                                <rect key="frame" x="91" y="169" width="193" height="46"/>
                                <fontDescription key="fontDescription" name="CourierNewPS-BoldMT" family="Courier New" pointSize="40"/>
                                <color key="textColor" red="0.14743526500000001" green="1" blue="0.2560705284" alpha="1" colorSpace="custom" customColorSpace="sRGB"/>
                                <color key="highlightedColor" red="0.14743526500000001" green="1" blue="0.2560705284" alpha="1" colorSpace="custom" customColorSpace="sRGB"/>
                            </label>
                            <label opaque="NO" userInteractionEnabled="NO" contentMode="left" horizontalHuggingPriority="251" verticalHuggingPriority="251" text="Description" textAlignment="center" lineBreakMode="tailTruncation" numberOfLines="7" baselineAdjustment="alignBaselines" adjustsFontSizeToFit="NO" translatesAutoresizingMaskIntoConstraints="NO" id="PGu-5N-4FM">
                                <rect key="frame" x="63" y="255" width="250" height="150"/>
                                <constraints>
                                    <constraint firstAttribute="width" constant="250" id="6Vx-Hk-8TX"/>
                                    <constraint firstAttribute="height" constant="150" id="snn-DF-MY2"/>
                                </constraints>
                                <fontDescription key="fontDescription" name="CourierNewPS-BoldMT" family="Courier New" pointSize="24"/>
                                <color key="textColor" red="0.14743526500000001" green="1" blue="0.2560705284" alpha="1" colorSpace="custom" customColorSpace="sRGB"/>
                                <nil key="highlightedColor"/>
                            </label>
                        </subviews>
                        <color key="backgroundColor" white="0.0" alpha="1" colorSpace="calibratedWhite"/>
                        <constraints>
                            <constraint firstItem="Cex-y6-nUd" firstAttribute="top" secondItem="u0N-PQ-iJk" secondAttribute="bottom" constant="40" id="CQ5-WB-mcG"/>
                            <constraint firstItem="u0N-PQ-iJk" firstAttribute="centerX" secondItem="kLA-jH-Axk" secondAttribute="centerX" id="E2L-Ro-Ais"/>
                            <constraint firstItem="Cex-y6-nUd" firstAttribute="top" secondItem="u0N-PQ-iJk" secondAttribute="bottom" constant="40" id="GG7-0c-php"/>
                            <constraint firstItem="PGu-5N-4FM" firstAttribute="centerX" secondItem="kLA-jH-Axk" secondAttribute="centerX" id="GHt-KJ-GD8"/>
                            <constraint firstItem="u0N-PQ-iJk" firstAttribute="top" secondItem="qwc-to-6rS" secondAttribute="top" constant="75" id="Ign-od-f7R"/>
                            <constraint firstItem="Cex-y6-nUd" firstAttribute="centerX" secondItem="kLA-jH-Axk" secondAttribute="centerX" id="XK1-0x-tLW"/>
                            <constraint firstItem="PGu-5N-4FM" firstAttribute="top" secondItem="Cex-y6-nUd" secondAttribute="bottom" constant="40" id="pWd-7n-GXF"/>
                        </constraints>
                        <viewLayoutGuide key="safeArea" id="qwc-to-6rS"/>
                    </view>
                    <connections>
                        <outlet property="descLabel" destination="PGu-5N-4FM" id="xUd-uc-Wc4"/>
                        <outlet property="resultsLabel" destination="Cex-y6-nUd" id="K5G-bN-dP8"/>
                    </connections>
                </viewController>
                <placeholder placeholderIdentifier="IBFirstResponder" id="Q8s-so-1ln" userLabel="First Responder" sceneMemberID="firstResponder"/>
            </objects>
            <point key="canvasLocation" x="812" y="130.88455772113943"/>
        </scene>
    </scenes>
</document>
